{"cameraMode":{"drawMode":0,"name":"Shaded","section":"Shading Mode"},"sceneLighting":true,"audioPlay":false,"sceneViewState":{"m_AlwaysRefresh":false,"showFog":true,"showSkybox":true,"showFlares":true,"showImageEffects":true,"showParticleSystems":true,"showVisualEffectGraphs":true,"m_FxEnabled":true},"in2DMode":false,"pivot":{"x":369.1478271484375,"y":383.71942138671877,"z":-70.74603271484375},"rotation":{"x":0.002690237481147051,"y":-0.008402126841247082,"z":-0.000025025194190675393,"w":-0.9999644160270691},"size":353.5244140625,"orthographic":false}